ORDER,ZIP,TOTAL,R_0_17,R_18_29,R_30_39,R_40_49,R_50_64,R_65_74,R_75_84,R_85_UP
0,95202,6066,1490,976,642,592,1230,679,312,145
1,93702,43601,13731,9221,5726,4986,5866,2540,1040,491
2,90002,53302,17257,10927,7256,7210,7313,2021,872,446
3,93703,32754,10286,6629,4124,3692,4899,1786,921,417
4,93721,7650,957,2200,1563,947,1074,485,245,179
5,90059,46185,15852,8779,6757,4706,6988,1937,735,431
6,93701,10166,3301,2306,1295,1038,1621,484,47,74
7,93305,37902,13348,7135,4721,3708,5400,2063,984,543
8,92401,2257,610,656,249,126,372,172,49,23
9,92405,30112,10113,5102,4353,3553,4579,1650,590,172
10,93307,86832,29599,17048,11756,10119,11479,4095,1856,880
11,90805,95995,27622,18245,14321,12244,15134,5697,1929,803
12,92410,45052,15129,9027,6250,4804,6397,2090,1019,336
13,90012,36552,3115,10568,7804,5040,4706,2321,1920,1078
14,92301,34250,11785,6234,5407,4344,4430,1237,636,177
15,93706,40586,13280,7493,4927,4280,5847,2915,1149,695
16,93725,27214,9030,5541,3649,2484,4131,1114,933,332
17,92311,33454,10634,5544,4188,2915,6282,2276,1269,346
18,94590,37280,7920,6767,5228,4459,7910,3349,1133,514
19,93280,28138,7365,6826,4789,3268,3962,1278,413,237
20,95351,48542,15256,9509,6426,5266,7321,2822,1313,629
21,93291,59270,18222,10866,8335,7601,9062,3240,1486,458
22,93306,72280,22287,12414,9791,8105,11316,5180,2298,889
23,92544,49923,13174,8044,6054,5791,9515,4345,1991,1009
24,90061,27873,7668,5565,3936,3700,4327,1648,725,304
25,93728,16574,4421,3823,2406,1605,2964,882,370,103
26,93308,53981,14473,9520,7336,5725,10001,4163,2016,747
27,93705,36808,10649,6732,4964,4252,5834,2461,1314,602
28,90017,27723,5931,6804,5549,3645,3462,1310,745,277
29,93727,84449,26484,14762,12645,9920,11721,5265,2558,1094
30,95423,3751,581,441,224,340,1238,690,228,9
31,92553,76102,22739,16408,10744,9542,11164,3444,1494,567
32,92404,62915,19042,13052,8797,7244,9197,3176,1517,890
33,93117,58546,7567,31153,5066,4134,5791,2752,1512,571
34,90003,73730,23675,15242,10763,8607,10892,2782,1203,566
35,90023,46680,13335,8963,6748,6541,6321,2532,1257,983
36,93304,49115,14931,10322,6602,5124,7519,2866,1229,522
37,93534,39367,11370,6452,5313,4537,6634,2864,1603,594
38,95354,24923,6522,4152,3896,2686,4535,2183,719,230
39,90044,99443,29413,17704,14554,12458,16525,5058,2800,931
40,90057,50152,11232,9978,9839,6411,7563,2945,1575,609
41,90058,2718,1117,389,421,303,393,64,29,2
42,90813,58380,16988,12103,9691,6680,8422,2842,1122,532
43,93640,12920,4465,2129,2107,1522,1927,409,331,30
44,91402,72059,18288,13679,11245,9537,12139,4503,1783,885
45,93662,30725,9201,5688,4096,3375,4833,2010,1072,450
46,95203,15487,3806,2974,2238,1878,2808,1107,530,146
47,92501,21590,5091,4632,3727,2577,3523,1360,498,182
48,94102,31392,2982,6048,7144,4064,6277,2799,1370,708
49,91406,54890,12895,8847,9117,8230,10089,3587,1454,671
50,90007,42433,6005,21241,4321,3124,4502,1971,921,348
51,93301,12325,3518,2592,1998,867,1845,793,552,160
52,93241,16397,5554,3253,2218,1920,2624,556,218,54
53,91331,105458,26162,20909,15966,13036,18423,6614,3142,1206
54,95205,38350,11837,7705,6026,4216,5317,2082,830,337
55,95207,52269,13640,10497,7006,5245,7990,3928,2673,1290
56,90015,22651,4003,6426,4575,3252,2663,1077,443,212
57,93635,41180,14008,6239,5606,5149,6149,2202,1232,595
58,91401,39755,8178,7059,6938,4970,8048,2973,1045,544
59,95210,41509,12094,8099,5303,4852,6386,3014,1173,588
60,95820,36437,8328,6427,6113,4567,6014,2520,1198,1270
61,95341,33090,12007,6004,4719,3356,4447,1684,689,184
62,93257,76519,23334,13462,9657,9120,11774,5191,2783,1198
63,93033,84701,25308,16273,12960,10487,12531,4014,2000,1128
64,95206,64250,20191,11231,8569,8468,9879,3726,1526,660
65,90033,49155,14294,9595,6077,6398,7431,2559,1751,1050
66,92543,38314,11246,5990,4090,3959,6555,3528,2158,788
67,93535,74264,22647,14005,8563,9016,13224,4145,2012,652
68,95838,39053,11456,7407,6043,4223,6282,2314,1014,314
69,95965,20498,4609,3577,2512,2364,3944,2019,1224,249
70,90043,45873,8920,7708,6236,5463,10150,3936,2362,1098
71,92227,27189,9159,4171,3278,2846,4338,1901,914,582
72,90001,59832,18978,11616,8784,7744,8578,2694,1057,381
73,92102,44010,10268,8477,8387,6103,6778,1921,1169,907
74,92356,6573,1665,803,770,571,1516,871,335,42
75,90255,75019,20129,14864,10591,10181,11978,4510,2030,736
76,94124,35747,8053,5365,5920,4446,6909,2846,1618,590
77,90221,51688,14768,10237,6977,7102,7994,2787,1429,394
78,95815,25673,6935,4850,4298,3246,4098,1547,580,119
79,90011,111165,35099,22655,15898,16076,14434,4359,2044,600
80,90006,59576,13229,11649,10370,7874,9925,3865,1814,850
81,92395,43908,13075,7099,5009,4625,7744,3519,2092,745
82,96019,10178,2467,1345,1471,1336,1830,1091,507,131
83,90037,67640,18836,13980,9813,8207,11202,3168,1767,667
84,93710,33448,6968,10653,4515,2484,4378,2113,1422,915
85,92583,32697,8624,5800,3778,4249,5628,2903,1293,422
86,92557,53406,13772,10433,8118,6091,9468,3613,1456,455
87,96001,34293,7178,5116,4465,3514,7398,3936,1860,826
88,92240,35278,8823,5311,4951,4515,6473,2817,1726,662
89,92570,60686,17584,11910,7821,7624,9753,3505,1765,724
90,93550,77506,24469,15000,8694,10546,12207,3912,2002,676
91,92220,33525,7470,5296,3141,3443,5103,4104,3238,1730
92,93234,7355,2665,1546,829,781,1023,345,117,49
93,93274,74000,25000,13613,10263,8709,9617,3989,1854,955
94,95240,48799,13984,7973,6806,5575,7936,3641,1897,987
95,92407,68545,19838,15464,10217,8144,10140,3204,1139,399
96,93722,84621,25303,15651,13551,10419,12343,4404,2147,803
97,93704,29740,7056,5284,3816,3776,5413,2468,1360,567
98,92545,41879,9753,5649,4042,4085,6816,5661,4063,1810
99,93230,67605,19163,10935,9821,8316,11039,4667,2674,990
100,92234,54357,12618,7739,7254,6644,10841,5031,3110,1120
101,93212,23357,4464,4898,4702,3259,4068,1092,622,252
102,93309,58538,14817,12698,8337,6455,8975,3873,2271,1112
103,90062,35916,8315,6934,5313,4682,6869,2306,1125,372
104,90005,39732,7208,8181,7035,6214,6067,2707,1737,583
105,92345,82110,24538,14714,9511,9522,14628,5639,2831,727
106,95348,34002,8778,8968,4390,3520,4567,2167,1275,337
107,93905,60531,21528,11170,10163,6949,6998,2544,890,289
108,92105,73623,18831,16063,10930,9041,11728,4227,1950,853
109,93726,42824,12358,9525,6552,3772,6318,2606,991,702
110,92243,50402,14373,8521,6195,5924,8655,3879,1894,961
111,95358,32524,10030,5957,4222,4276,4918,1866,890,365
112,91733,45365,11106,8477,6031,6071,8020,3200,1749,711
113,93030,58422,15805,11250,8363,7718,9596,3256,1676,758
114,92231,40064,11710,7253,4905,4107,6444,3024,1871,750
115,93637,41108,13019,6661,5500,5531,5673,2474,1698,552
116,90018,53490,12303,10541,8155,6600,9755,3280,2006,850
117,92335,99306,29481,21110,14481,12544,14322,4370,2215,783
118,92283,1684,540,257,124,166,269,176,109,43
119,91766,72348,18746,15437,9780,8876,12291,4233,2114,871
120,92507,59152,11074,23278,8032,4812,7517,2661,1234,544
121,92101,41159,1976,9400,10372,5300,7698,3723,1866,824
122,90034,53861,7302,13080,13108,7835,7520,3068,1430,518
123,95422,15696,4117,2321,1793,1663,3010,1926,665,201
124,95301,39186,10987,6797,5030,5769,5874,2579,1650,500
125,93263,22210,7223,4900,2768,2757,2817,970,565,210
126,92025,52985,14351,10165,7592,6467,8821,3124,1680,785
127,92504,59896,14527,12696,7898,7087,10271,4141,2181,1095
128,92201,65726,14899,10453,8914,8402,12154,6735,3255,914
129,93654,30373,9167,5135,3622,3453,5191,1838,971,996
130,95340,35827,8622,7843,4583,3746,6417,2789,1317,510
131,92113,58408,16113,16595,7629,6895,7119,2403,1223,431
132,90744,56880,16445,11307,8210,7127,8410,3201,1597,583
133,90806,41990,10667,8557,6262,5156,7411,2224,1220,493
134,92277,23172,6850,6176,3368,1481,3241,1332,482,242
135,92882,73250,18164,13118,10636,10866,12857,4581,2208,820
136,95374,1682,361,245,221,179,431,127,69,49
137,95823,79440,23359,14019,11859,8281,13598,5384,1904,1036
138,93247,18234,5514,3277,2364,2093,2833,1124,780,249
139,93219,10285,3338,1958,1391,1465,1399,368,261,105
140,95380,42866,12014,8004,5662,4666,7232,3091,1530,667
141,92324,59972,16478,11802,9561,6803,8973,3831,1770,754
142,90222,33200,10385,6558,4955,3941,4543,1646,659,513
143,93608,1280,350,290,156,208,189,36,51,0
144,90201,101965,30031,21239,13693,13513,15087,4907,2341,1154
145,94111,3611,297,403,829,409,611,378,454,230
146,95691,38690,10134,6199,6713,5012,6220,2751,1115,546
147,93901,28194,7341,5036,3999,2983,5148,1988,914,785
148,95901,33455,9107,6447,5032,3264,5902,2119,1100,484
149,90804,39239,8279,9851,6831,5370,5885,2035,651,337
150,93203,22662,8255,4728,2889,2613,2935,763,347,132
151,92236,45477,10824,7418,8248,7477,7651,2667,872,320
152,93277,52271,14667,8467,7760,5421,8235,4289,2244,1188
153,91343,66743,17459,12182,9459,9828,10859,3998,2093,865
154,95350,54210,13051,8930,7169,5910,10095,5098,2772,1185
155,95231,5165,830,1347,1006,685,804,238,157,98
156,93215,54958,14455,12509,8491,7272,7547,2290,1833,561
157,91732,62905,14320,11982,8502,8490,11780,4424,2419,988
158,90262,70536,19952,15326,10631,8866,10450,3305,1551,455
159,92020,59743,14643,10687,8497,7180,11090,3870,2349,1427
160,90220,52817,15368,9556,6903,6767,8869,3039,1511,804
161,95824,30296,8654,5523,3741,4135,5136,1812,778,517
162,96124,458,127,21,37,90,104,40,39,0
163,91768,35191,8056,9948,4094,4241,5351,1953,968,580
164,91411,26111,6211,4664,4692,3847,3868,1453,761,615
165,93610,22724,4834,4498,4356,3110,4049,1261,449,167
166,92376,86085,24548,18480,12237,10274,12534,4985,2284,743
167,93631,16282,4738,2314,2215,2185,2478,1222,745,385
168,92411,25650,8189,5004,3073,3130,3470,1593,748,443
169,90063,53980,14527,10673,8201,6774,8038,3463,1540,764
170,92703,69112,18284,13710,10425,9586,10567,4099,1790,651
171,91762,61718,16533,11860,9076,7767,10016,3732,1965,769
172,91731,30222,7282,5867,3768,3586,5044,2536,1360,779
173,93458,57256,19673,11905,8114,6963,6602,2328,1148,523
174,95076,86905,23708,16057,11498,10502,15385,5878,2759,1118
175,93618,31470,10762,5967,3987,3629,4341,1588,937,259
176,90731,60659,14061,9746,9104,8471,11259,4893,2141,984
177,95817,13758,2026,2981,3027,1603,2339,936,591,255
178,92879,47872,12156,8640,7396,6804,8128,2653,1509,586
179,92274,15317,4280,2738,1787,2032,2815,1023,520,122
180,92115,64343,11275,22894,9123,5896,9291,3438,1745,681
181,92354,22050,3908,4332,3165,2322,3857,2255,1453,758
182,93616,2582,772,456,260,256,559,195,75,9
183,95315,14520,4414,2706,1849,1459,2905,913,216,58
184,93501,4802,1010,748,582,493,947,735,218,69
185,92394,34915,10945,6397,5674,4424,5204,1601,507,163
186,90280,94642,25577,18845,13499,12500,14775,6177,2287,982
187,95821,35812,8970,5308,5133,3757,6939,3374,1451,880
188,92801,66594,17308,13510,9912,8548,10479,3649,2156,1032
189,95307,46283,14197,8553,6319,5855,6616,2602,1598,543
190,92518,1021,290,52,137,76,43,79,130,214
191,93638,49932,16191,9900,6578,6072,6836,2575,1340,440
192,92254,9779,2939,1698,1227,1507,1763,431,164,50
193,95961,28489,8801,4786,4448,3489,4340,1843,586,196
194,94621,35035,10988,6570,5858,4183,4864,1618,699,255
195,91764,56677,15141,11389,9106,8131,8224,2628,1523,535
196,92262,28618,4407,3309,2416,3169,7820,4414,2260,823
197,90606,32987,7325,5825,4662,4758,6058,2432,1269,658
198,93250,16191,5484,3391,2720,1811,2011,581,149,44
199,92021,70148,17062,13057,9544,7870,13602,5581,2326,1106
200,93560,21756,6543,3793,3063,2605,3788,1225,694,45
201,92701,55058,17320,10710,8917,7431,7012,1917,1179,572
202,95215,24326,6122,3949,2741,3225,4853,1919,1047,470
203,91911,84026,19910,15086,11466,11532,14621,6117,3547,1747
204,92408,13635,3490,2798,1968,1609,2391,875,415,89
205,95928,37735,6401,11338,4687,3640,5893,3458,1356,962
206,90019,64534,11547,11428,11283,9592,12367,4574,2666,1077
207,94605,43399,9160,6435,7208,6308,7749,3963,1895,681
208,91605,53113,11357,11187,7639,7719,9491,3550,1654,516
209,93285,2477,316,336,138,276,528,597,225,61
210,94607,26823,4164,5502,5780,3406,4171,2041,1037,722
211,90020,39189,7158,8588,7446,5480,6735,2324,1119,339
212,92551,34011,9802,6947,4904,4654,4923,1821,844,116
213,93646,11738,4398,2172,1529,1310,1419,542,349,19
214,93256,5431,2138,630,1148,363,620,393,71,68
215,90802,38962,5535,8434,8214,5862,7272,2207,1184,254
216,92307,39149,10597,5927,4909,4397,7265,3570,1805,679
217,92571,57622,18630,11241,8371,7533,8217,2302,1174,154
218,90810,37251,8912,7599,4747,4479,7177,2417,1241,679
219,92509,81383,23271,16200,11249,9946,13286,4464,2002,965
220,95842,33522,8984,5928,5423,3831,6158,1920,933,345
221,95825,37473,8042,9189,6079,4002,5142,2689,1402,928
222,90022,67014,18206,12348,10098,8294,11028,4086,1949,1005
224,93292,42031,12747,7344,5847,4200,7322,2989,1094,488
225,93612,35140,9017,6640,5302,3420,5888,3059,1258,556
226,91770,62703,12060,10242,7371,8823,13476,5616,3251,1864
227,91203,15410,2697,2450,3171,1947,3106,1014,856,169
228,94109,57302,3380,12823,15892,6506,9086,4493,3209,1913
229,92868,27072,5080,7165,4694,3516,3951,1611,646,409
230,90031,39916,8610,8048,5536,5839,6445,2606,1555,1277
231,95822,44741,10925,6231,6387,5779,8048,3868,2136,1367
232,90706,77195,19685,14164,10767,10366,13678,5000,2485,1050
233,92346,63857,16898,11402,8333,8874,11365,4430,1949,606
234,92503,95551,24841,17863,13861,12637,16429,6070,2963,887
235,90004,60541,11610,11964,11134,9019,10270,4151,1769,624
236,93555,33833,8933,4870,4884,3767,6140,2845,1588,806
237,90008,31754,5002,5191,4248,4334,7455,3412,1567,545
238,92530,58184,17540,10548,8434,7188,9562,3039,1339,534
239,92313,12547,2447,2147,2048,1568,2430,1243,491,173
240,94601,53039,13139,10191,9032,7806,8120,2996,1212,543
241,93648,16087,5382,2942,1990,2027,2331,981,314,120
242,95828,58717,14564,9653,7743,7625,11140,4489,2509,994
243,92374,43391,9943,8919,6487,5180,7288,3229,1485,860
244,90029,36668,5462,7850,6893,4732,7043,2672,1324,692
245,93245,38480,10670,10003,5782,3960,4732,1979,1061,293
246,94134,42418,7712,6651,5774,5845,9421,3881,2057,1077
247,90028,29774,2015,8277,6396,4902,4442,1840,1279,623
248,93647,11407,3907,2079,1730,1206,1414,574,357,140
249,92706,35748,9392,6418,5196,4665,6252,2094,1047,684
250,95388,14116,4507,2265,1812,1612,2186,986,655,93
251,95334,17057,5267,3236,2395,1769,2507,975,643,265
252,90016,45899,9007,8688,6819,6807,8435,3560,1689,894
253,91761,61425,15445,12280,8728,8269,11080,3949,1235,439
254,93272,4707,1886,727,665,615,514,237,35,28
255,92310,9872,3646,3657,1990,371,120,26,62,0
256,90270,27287,7688,5911,3596,3749,4055,1300,746,242
257,95531,23737,5247,3540,3533,2863,4806,2243,984,521
258,96130,20119,3047,5675,3757,2390,3144,1283,594,229
259,95501,23324,3949,4409,3491,3013,4534,2502,953,473
260,95991,40861,11141,6778,5790,4576,6947,2763,1941,925
261,93615,6347,2121,1383,819,555,830,285,295,59
262,93516,2244,431,440,277,188,545,246,73,44
263,91767,50606,12677,9932,7179,6639,8311,3483,1585,800
264,91335,81824,18302,13818,12123,11481,15679,5584,3075,1762
265,91205,37638,6005,6255,5862,4642,7910,3133,2656,1175
266,92880,69656,20731,10843,10812,10352,11252,3370,1838,458
267,94533,75909,19274,14357,10961,8484,13928,4972,2703,1230
268,92705,47298,11372,7130,5635,6154,9275,4141,2242,1349
269,91910,74855,16585,12979,9689,10018,14529,5947,3422,1686
270,93650,3173,764,488,455,432,422,372,193,47
271,95966,29860,6029,4492,3478,2644,6400,3762,2176,879
272,95482,31482,7614,4980,3663,4109,5935,2997,1456,728
273,92069,50376,12952,9499,6975,6313,8619,3485,1836,697
274,95464,2505,606,274,238,335,569,206,207,70
275,92225,22460,4766,4061,3694,3537,3984,1408,848,162
276,91950,62859,13045,13920,9081,7165,11197,4169,2531,1751
277,92316,28704,7574,5570,4536,3741,4424,1570,927,362
278,92083,39509,10766,7924,6097,5308,6159,2105,823,327
279,91405,55506,13176,10152,9177,7795,9607,3262,1542,795
280,92870,53600,12491,8655,7348,7219,10168,4106,2541,1072
281,93223,10716,3237,2199,1455,1218,1702,539,275,91
282,95660,35461,10150,6916,4961,3873,5551,2313,1257,440
283,95926,40000,7330,14087,3718,3994,5528,3083,1390,870
284,90065,46461,9234,7978,7870,6967,7975,3918,1793,726
285,91754,33636,6267,4723,4345,4355,6674,3513,2571,1188
286,93930,17067,5425,2990,2462,2350,2459,921,297,163
287,93060,33773,9404,6302,4119,4275,5577,2650,985,461
288,92612,33234,3579,13031,4919,3248,4635,2103,1058,661
289,90640,62730,14070,11510,8972,7730,11108,4684,2972,1684
290,92285,2430,211,226,337,209,713,485,148,101
291,92173,31000,8350,6256,4578,3599,5167,1787,871,392
292,91340,36156,9530,6674,5064,4748,6158,2197,1279,506
293,91606,44295,9289,7936,7289,6180,8055,2928,1952,666
294,95826,39145,7561,9615,5399,4822,6225,3379,1597,547
295,92026,50321,11341,9344,6622,5852,9319,4181,2344,1318
296,93283,2261,315,242,204,338,527,550,0,85
297,92585,21907,5621,3904,2778,3127,3668,1365,1137,307
298,93204,12961,4017,2625,1976,1954,1701,454,234,0
299,91763,38863,10019,8044,5626,4743,6251,2603,1178,399
300,91303,31586,7279,7160,5885,4261,4666,1483,550,302
301,92704,88321,22720,17553,13124,11326,15152,5219,2362,865
302,95116,55825,14859,10600,8444,7642,8475,2982,1862,961
303,93657,35666,10600,4599,5330,4669,6218,2360,1361,529
304,90303,24374,6333,4531,3379,2927,4344,1737,937,186
305,92084,51619,12912,9777,7133,6129,9070,3753,1966,879
306,92242,1312,231,100,81,79,418,198,139,66
307,90740,24307,3181,2074,2068,2282,5052,4084,3600,1966
308,90602,25581,6132,5569,3577,3207,4194,1682,939,281
309,95833,39905,9727,8772,7117,4443,6300,2472,821,253
310,91748,47079,8949,7779,6161,5620,10312,4997,2185,1076
311,93042,118,0,95,18,5,0,0,0,0
312,94509,68166,17267,11373,9980,8197,13197,4924,2145,1083
313,92223,55580,15474,7805,7579,6565,9552,5128,2511,966
314,90248,11607,2148,1901,1222,1490,2664,911,762,509
315,91977,64750,16195,11598,9183,7866,11801,4944,2348,815
316,94108,14143,1171,2814,2667,1841,2475,1565,1068,542
317,90026,68906,11375,14614,15131,9271,11459,3965,2094,997
318,92399,54268,13295,9226,6349,6964,10326,4681,2356,1071
319,92233,7509,1228,1988,1913,1173,760,312,100,35
320,90304,25946,7460,5434,3621,3633,4127,1142,397,132
321,90038,28580,4494,7146,5917,4340,4233,1455,690,305
322,93242,3474,1194,523,491,393,546,133,113,81
323,92586,19472,2658,1727,1646,1289,4366,3315,3229,1242
324,95610,46305,9533,8540,7399,4800,9018,4209,1888,918
325,94535,3842,1540,1213,753,177,159,0,0,0
326,90680,30531,7684,4891,4604,4330,5204,2235,1097,486
327,90010,3822,393,959,726,353,691,404,218,78
328,93620,8906,2460,1819,963,1114,1403,656,408,83
329,90250,97072,24763,18111,15329,13483,16562,5503,2408,913
330,91744,85421,20302,17182,10768,11065,15962,6196,2725,1221
331,91352,47076,10746,9195,6152,6328,8751,3620,1611,673
332,93239,1246,393,180,257,97,225,64,30,0
333,94589,31536,7614,5248,4554,3529,5685,2852,1345,709
334,92278,4890,732,3529,438,191,0,0,0,0
335,92124,32600,9627,5413,6130,3575,4411,2351,818,275
336,91752,35694,9574,6275,5487,4536,5782,2674,966,400
337,90013,12559,405,2326,2884,2169,3145,944,444,242
338,95457,3227,646,181,326,201,846,664,315,48
339,92805,74478,20140,15912,11436,10033,11515,3725,1103,614
340,95841,21229,4667,4436,3306,2719,3299,1679,791,332
341,90047,51411,11165,8499,7203,6422,10093,4362,2739,928
342,95257,407,53,47,60,0,148,20,38,41
343,90716,14285,3883,2813,1943,2143,2050,831,529,93
344,90301,38234,9144,7092,5274,5105,7025,2743,1259,592
345,90021,2945,333,454,775,588,531,113,73,78
346,95652,789,264,120,92,149,36,65,49,14
347,90723,54513,15558,10732,7491,7857,8196,2772,1437,470
348,96007,23228,5109,3069,3392,2392,4765,2808,1260,433
349,92056,52337,10326,8485,7445,5363,10353,5405,3366,1594
350,95360,13278,3925,1768,2328,1553,2062,960,501,181
351,95367,25072,7110,4250,4124,3256,3616,1526,873,317
352,93036,48162,13258,9415,6569,6999,7579,2509,1241,592
353,95112,62228,10300,19734,9583,7321,9364,3825,1451,650
354,94612,15785,1219,3512,3834,1692,2403,1627,885,613
355,95514,140,35,0,79,0,6,16,2,2
356,92114,68851,15323,13500,9306,8549,12551,5869,3033,720
357,93906,64348,18550,11534,10100,8048,10033,3654,1541,888
358,95039,1074,321,166,147,172,121,107,37,3
359,95357,11765,3082,1902,1423,1669,2306,809,399,175
360,93267,6788,2187,924,682,935,1170,434,259,197
361,90242,42694,10139,8786,6150,5334,7770,2869,1064,582
362,93552,39905,12155,7005,4658,5266,7413,2189,914,305
363,92308,42207,11621,5492,4213,4721,8703,4332,2307,818
364,92804,89915,21023,17687,12246,11390,15749,6430,3574,1816
365,92505,53282,13174,12187,7425,7091,8247,2920,1524,714
366,93636,13255,3328,1732,1092,1691,2909,1756,556,191
367,94608,31013,3686,6607,8194,4384,4764,2190,755,433
368,90027,44770,5282,8354,10225,6524,7884,3702,1892,907
369,94606,38220,6199,7213,7897,5219,6798,2926,1364,604
370,92055,11765,262,11228,105,170,0,0,0,0
371,92054,41807,9298,8118,7193,4710,7489,3115,1411,473
372,93436,56323,14541,10005,7289,7189,10132,3752,2428,987
373,91935,8550,1543,898,1070,866,2231,1422,436,84
374,92027,56788,13811,10501,8417,6763,10839,3598,1897,962
375,93286,9906,3327,1782,1057,925,1512,746,441,116
376,95670,55558,12431,9295,8366,7122,10001,4730,2657,956
377,95943,871,236,148,78,86,203,74,29,17
378,92683,91105,18327,13869,11247,13188,18802,8053,5697,1922
379,91706,76930,18224,14856,10460,10321,13674,5877,2563,955
380,92078,50510,12662,7072,6728,7569,8034,4679,2347,1419
381,94704,29597,943,21771,2296,1094,1966,1021,359,147
382,93518,814,116,55,59,84,186,187,116,11
383,93630,20764,6831,3952,2852,2518,2747,1197,548,119
384,93927,18812,6658,3661,2646,1988,2627,886,246,100
385,91342,94595,23809,16371,13220,12711,16902,6953,3451,1178
386,95521,21068,2457,8849,2391,2015,2747,1897,386,326
387,96003,44328,8900,7429,5354,3961,9512,5552,2432,1188
388,92833,52435,12186,8722,7015,7177,10384,4080,2145,726
389,92841,33754,7278,6076,3779,4795,6896,3077,1319,534
390,92707,60831,15122,13292,9479,7499,10254,3254,1503,428
391,92110,30108,4455,9248,4577,3269,4819,2104,1016,620
392,91730,72407,17416,14496,11434,8816,13018,4749,1784,694
393,93505,13774,2879,2661,2280,1633,2718,1088,436,79
394,92332,97,0,0,41,0,56,0,0,0
395,95336,47855,12029,7371,5929,5906,9167,4097,2461,895
396,94603,35862,10162,7167,5453,4583,5499,1733,846,419
397,91755,26803,4186,3560,3506,3380,6542,2707,1851,1071
398,91356,29822,5530,3889,4174,3778,6367,3235,1860,989
399,95973,36682,8281,6944,4953,4491,6432,3287,1655,639
400,92626,50605,9160,10609,9135,6060,9383,3506,1827,925
401,90032,48031,10506,10211,6751,6456,7513,3614,1878,1102
402,91601,36841,4610,9568,8629,4539,5819,2079,1154,443
403,92627,63161,14074,11505,11110,9856,9974,3891,1625,1126
404,93656,5806,1550,1066,799,649,923,503,247,69
405,94565,97671,24943,17936,14789,12853,17245,6524,2598,783
406,94801,31210,8179,5905,4950,4010,4825,2236,834,271
407,91201,23281,3902,3441,3363,3018,5450,2169,1403,535
408,93591,6744,2105,1142,731,710,1404,402,213,37
409,95303,1110,263,212,87,220,217,56,29,26
410,91906,4428,1461,817,460,457,742,378,48,65
411,93249,1875,672,471,287,227,180,31,7,0
412,94534,39239,8883,5055,4913,5825,8396,3943,1369,855
413,91786,53697,12187,10424,7417,7151,9702,3709,2155,952
414,96080,29139,7144,4134,2897,3208,5835,3390,1788,743
415,92154,88979,20340,17285,12891,11990,15693,6620,2973,1187
416,96113,1925,186,453,637,347,174,83,39,6
417,92256,3100,522,274,373,372,937,411,159,52
418,92276,6748,1301,945,687,330,1645,882,581,377
419,95916,1359,173,155,132,122,387,269,87,34
420,96002,34196,8379,5060,4526,3842,6280,2929,2317,863
421,91942,40151,7699,7776,7124,4470,7058,3018,1779,1227
422,91306,49678,10775,9349,7129,6620,9545,3678,1612,970
423,93207,256,43,20,15,15,72,71,16,4
424,95818,21625,4511,2960,3562,2624,4493,2035,946,494
425,90024,51627,4176,29223,4750,2638,5007,2552,1748,1533
426,93924,6514,1200,592,224,845,1712,1358,456,127
427,92373,33353,7096,5333,4532,3571,6568,3279,2008,966
428,93313,55221,17224,10574,8407,6813,7534,2808,1478,383
429,92284,26182,6048,3285,2991,3297,5407,3142,1245,767
430,91803,29567,5305,4632,3943,4079,6082,3020,1582,924
431,93043,144,59,36,36,8,5,0,0,0
432,95602,17557,2642,2029,1361,1416,5058,2887,1347,817
433,90620,46414,9623,7739,6861,5687,9396,4245,1859,1004
434,95832,12114,3584,2542,1545,1346,1706,1057,286,48
435,90042,63193,12097,11417,12417,8510,11514,4099,2190,949
436,91324,29670,5132,6339,3960,3742,5592,2402,1666,837
437,92802,42016,10464,8040,6227,5608,6861,2594,1527,695
438,92647,62199,13560,11370,8993,8006,11773,4735,2590,1172
439,93926,9171,2923,1567,1429,1308,1245,349,224,126
440,91745,55202,10626,8864,6145,7443,11694,5766,3246,1418
441,94541,65928,14648,10106,11878,8805,12407,4562,2226,1296
442,92028,48173,10716,7065,6261,4818,9318,5515,2948,1532
443,92336,98346,27570,17653,14899,15212,14909,5326,2340,437
444,94804,40931,9409,7242,6837,5717,6864,3010,1265,587
445,95247,4024,696,364,369,393,718,830,464,190
446,95322,10373,2877,1508,1398,1473,1798,848,297,174
447,91702,62066,13392,16939,7831,7513,10277,3683,1827,604
448,96122,3266,741,243,516,350,771,485,109,51
449,95837,300,35,17,4,123,93,20,2,6
450,93268,18731,5998,3441,1969,2510,2819,1242,450,302
451,92567,10648,3025,2118,1398,1134,1720,759,402,92
452,95546,3466,1031,664,412,227,709,279,123,21
453,94133,26796,2606,4488,5376,3446,4842,2889,1771,1378
454,96097,9746,2312,1369,1254,819,1867,1260,686,179
455,92363,5348,1435,643,462,742,959,761,273,73
456,91932,26492,6489,5044,4539,2867,4451,1832,928,342
457,92561,1462,183,113,131,108,486,298,118,25
458,93609,5177,1366,874,648,779,690,489,227,104
459,92281,2591,890,533,204,247,367,219,74,57
460,93933,25442,5816,5420,3477,2940,4310,1915,1085,479
461,95337,39177,10714,6210,5139,6085,7107,2136,1256,530
462,95122,56121,14356,10650,8057,7826,8705,3944,1850,733
463,94103,30703,2733,6669,7861,4341,5421,1994,1158,526
464,90710,28045,6571,4265,4092,3361,5550,2401,1428,377
465,92058,46029,13913,13775,6840,3393,4654,2125,901,428
466,96132,50,3,6,6,2,11,9,9,4
467,90040,12328,2936,2473,1519,1511,2219,978,531,161
468,94130,3008,362,1446,528,223,392,53,4,0
469,95963,15492,4183,2538,1787,1852,2627,1550,632,323
470,95204,28667,6372,4976,4139,2989,5324,2865,1342,660
471,90660,63001,14311,11576,8085,8284,11481,4963,3006,1295
472,95568,274,17,26,52,41,91,46,1,0
473,92081,29596,6204,5907,4125,3408,6053,2084,1239,576
474,92239,227,5,6,15,2,29,144,23,3
475,95605,14493,3741,2936,2007,1411,2717,1000,511,170
476,92139,36105,8277,7076,5055,4375,6574,2617,1414,717
477,95363,27908,8028,5013,3500,4050,4509,1768,837,203
478,92372,6071,1449,1014,499,685,1256,617,463,88
479,95678,42053,9375,6778,6849,5920,7844,2926,1502,859
480,90501,41975,9949,6854,5517,6513,7794,3163,1471,714
481,92086,1543,115,161,166,96,342,413,192,58
482,95110,19928,4269,4571,4138,2732,3037,765,318,98
483,91776,38664,6297,6936,5182,5291,8590,3477,1876,1015
484,95133,28565,5926,4771,3970,3699,5537,2970,1118,574
485,94591,55157,10163,9368,7584,6756,11700,6110,2647,829
486,92260,34660,5096,4588,3048,3401,6513,5882,4147,1985
487,95673,16636,4297,2566,1980,1924,3840,1290,450,289
488,95953,10925,3275,1619,1397,1185,1906,898,468,177
489,92780,59499,14755,11094,9371,7552,9986,3776,1873,1092
490,95621,41740,8739,6506,5838,5268,8222,4142,2126,899
491,92305,657,145,51,40,79,190,87,50,15
492,90650,105304,25559,19714,15193,13585,18712,7373,3625,1543
493,93622,10335,3172,2152,1329,1172,1628,601,218,63
494,95608,62539,12675,8962,8809,6478,12917,6290,3909,2499
495,93723,13936,4027,2082,1904,2106,2220,1038,433,126
496,90670,16700,3684,3091,2030,2468,2955,1310,769,393
497,95020,64833,18046,9538,8741,9104,11744,4675,2281,704
498,90605,40192,10054,7269,5175,5610,7140,2710,1461,773
499,92675,38803,9406,5507,4155,4620,8049,3572,2406,1088
500,92840,54735,11325,10780,7457,6999,10656,4192,2118,1208
501,96041,2934,563,489,228,366,478,414,295,101
502,92241,7699,1179,628,691,722,1773,1332,953,421
503,94578,41865,9490,7184,6888,5516,7859,2870,1183,875
504,92250,8655,2524,1331,1227,721,1714,488,481,169
505,91502,10708,1468,2438,1971,1258,1702,651,823,397
506,95209,44980,12446,6773,5758,5557,8212,3687,1628,919
507,95333,2539,659,365,380,271,507,175,138,44
508,91103,27659,6088,4673,3713,3959,4941,2339,1303,643
509,92843,46873,10494,8053,6162,7099,9048,3353,2008,656
510,95428,2580,653,471,321,219,349,408,142,17
511,93454,40432,11966,7248,5541,4578,5969,2599,1519,1012
512,95585,457,85,50,90,35,134,63,0,0
513,93446,44636,9513,6434,5902,5309,9478,4593,2444,963
514,95490,12975,2801,1876,1917,919,2548,1913,731,270
515,92392,58393,18545,10009,8184,6615,9949,2856,1617,618
516,92309,572,172,123,75,81,101,20,0,0
517,94520,38753,8668,7333,6749,5102,6793,2770,1103,235
518,92314,11385,2785,1587,1004,1356,2445,1178,661,369
519,92264,20072,1593,1495,1330,2232,5651,4229,2512,1030
520,90302,30017,7480,4883,5264,4068,5292,2082,698,250
521,92104,45435,6774,10812,10594,6207,7108,2621,1012,307
522,93210,18336,4546,3690,3192,2360,2986,961,438,163
523,91204,18723,3376,3425,3088,2439,3475,1628,926,366
524,91304,54361,11728,9288,7276,7799,10738,4230,2306,996
525,92582,17219,5754,3103,2309,2291,2437,811,274,240
526,94806,64286,14333,12256,9917,9174,11094,4240,2312,960
527,91010,26380,4920,4432,3539,3810,5115,2480,1465,619
528,90715,20256,4527,3468,3188,2834,3780,1480,697,282
529,93536,70237,17487,11128,10131,8691,14613,5121,2367,699
530,92866,15574,2788,3925,2339,1760,2692,927,792,351
531,93551,50601,12796,7216,6168,6488,11438,4030,1960,505
532,96058,553,134,49,55,91,125,61,36,2
533,94619,24112,4921,3642,3126,3783,4511,2876,995,258
534,90621,35598,8441,6489,5182,5065,6773,2038,1163,447
535,93611,49053,13441,6896,6963,5705,9180,4148,1722,998
536,95361,35308,9243,4572,4614,4888,6817,2829,1828,517
537,91801,54768,8978,9838,8231,7350,10762,5019,2833,1757
538,95503,25972,5675,3393,3543,3341,4978,2914,1485,643
539,90241,43215,9825,8094,5791,6506,7500,3227,1456,816
540,93543,14392,4137,2292,1710,1574,2737,967,825,150
541,96021,16017,4032,2447,2055,1638,3260,1568,780,237
542,95356,32622,7837,5156,4273,3743,6601,2892,1315,805
543,94544,79747,18625,15426,12760,10111,13877,5310,2580,1058
544,93955,34566,8539,7155,4982,4153,5934,2102,1028,673
545,96022,16253,3834,2370,1782,2004,3395,1667,879,322
546,92591,41609,11113,6663,5997,5451,7697,3037,1127,524
547,90260,34827,8129,6028,5552,4983,6261,2333,1211,330
548,90631,69064,15911,12342,8864,9238,13193,5477,2545,1494
549,91321,34014,8383,6255,4238,3959,6522,2376,1271,1010
550,92252,9351,1903,1281,1397,995,1850,994,685,246
551,94901,41713,9880,5424,5905,6264,7100,4342,2132,666
552,94602,30162,6013,3700,4407,4552,6555,3132,1271,532
553,90247,48293,10396,8013,7273,6321,9485,3488,2129,1188
554,96108,80,0,0,0,0,0,51,18,11
555,94501,63821,12534,9010,10036,10239,12198,6142,2373,1289
556,92320,8753,1702,1218,619,1108,1712,1368,744,282
557,94559,27593,5964,4225,4306,3397,5361,2642,1176,522
558,92595,33649,8892,5312,4646,4493,6078,2620,1008,600
559,95954,12371,1976,2079,910,1306,3109,1878,873,240
560,92844,23189,4468,4035,2853,3345,4999,2101,890,498
561,95776,23911,6072,4765,3114,3412,4404,1333,573,238
562,91723,18521,4428,3124,2933,2542,3146,1385,631,332
563,95648,52949,11790,5645,6409,6476,8772,7449,4842,1566
564,91607,30611,4874,5456,5612,4039,5763,2800,1242,825
565,92203,31140,6726,3299,4481,4131,4957,4435,2713,398
566,93625,8059,2288,1214,1078,625,1522,722,373,237
567,91206,34739,6331,4633,5441,4633,7215,3312,1947,1227
568,95632,31911,8012,4991,4179,4082,6355,2428,1434,430
569,95223,2666,253,156,167,254,706,733,304,93
570,92111,50693,9795,10256,8847,6479,8800,3470,1950,1096
571,95355,59621,13844,9226,7344,7710,11830,5700,2909,1058
572,93001,32396,6635,5213,5018,3576,7479,2800,1141,534
573,93221,14129,3741,1998,1688,1658,2895,1293,562,294
574,91746,29709,6584,5792,3997,4110,5320,2153,1232,521
575,90746,27075,4731,5068,2749,3344,5417,2976,2113,677
576,93405,35898,2474,22153,2983,2145,3199,1556,915,473
577,91042,26966,4568,3916,3833,3180,6997,2558,1325,589
578,92655,8382,2415,958,900,1111,1864,636,427,71
579,95012,10780,3777,2299,1314,1454,1095,465,176,200
580,90601,32053,6634,5468,4558,4347,5867,2812,1687,680
581,95111,61830,16144,10271,8691,9168,11036,3950,1846,724
582,95641,1489,193,213,185,144,392,205,90,67
583,93720,47081,10966,8028,6132,5874,8895,3994,1827,1365
584,92057,60414,13072,10790,8332,7206,11841,5401,2548,1224
585,95993,37077,8841,5994,4576,4420,7103,3639,1816,688
586,95127,66256,15298,11940,9439,9004,12196,4767,2523,1089
587,92371,18269,4968,2667,1930,2594,3929,1368,697,116
588,91710,91773,18617,16493,13968,13275,18415,7052,2804,1149
589,93437,3387,1037,1444,692,151,63,0,0,0
590,93206,1704,708,267,191,207,222,45,46,18
591,95829,28264,7484,4445,3843,3776,5594,1966,845,311
592,95121,37531,7738,5881,4846,5234,7937,3791,1605,499
593,92008,27151,4929,4757,3122,3705,5942,2356,1356,984
594,93633,0,0,0,0,0,0,0,0,0
595,91101,21395,2713,5113,4671,2718,3281,1112,1049,738
596,95948,11917,3429,2031,1299,1430,1986,1018,526,198
597,92832,25837,6278,5088,4130,3657,3787,1632,889,376
598,95338,10827,2034,852,1114,1252,2609,1689,907,370
599,91504,26749,5593,4064,4325,3335,5655,2331,944,502
600,95446,5168,554,519,466,905,1392,829,394,109
601,92555,44452,12068,8432,6573,6235,7057,2809,1002,276
602,90604,42911,10293,7696,6406,5700,7362,2831,1725,898
603,94561,42473,12260,7190,5535,6101,7429,2839,857,262
604,95370,28096,4984,3435,3246,2848,6202,4240,2169,972
605,92107,31223,4026,7405,6998,3908,4981,2567,785,553
606,92506,46241,10472,7151,6038,5574,9168,4759,2200,879
607,94115,34604,4236,7330,7875,4289,5124,3265,1760,725
608,93455,46175,10846,7553,5904,4646,9454,4337,2475,960
609,93524,165,0,160,5,0,0,0,0,0
610,92548,7859,2248,1347,726,1268,1062,678,401,129
611,95945,25381,4299,3291,2634,2674,5162,4096,1836,1389
612,95326,10147,2799,1654,1204,1290,1711,605,558,326
613,96025,2126,395,219,224,214,506,329,175,64
614,91104,37874,8015,5459,5150,5282,8235,3291,1831,611
615,95939,605,115,130,90,62,105,57,42,4
616,95695,41278,9824,6441,5688,5127,7290,3951,1911,1046
617,95687,69060,14968,10947,10871,8536,13703,5847,2818,1370
618,95662,32172,6759,4651,4338,3808,6985,3398,1616,617
619,93907,23299,4951,3515,2800,2968,5100,2643,971,351
620,96150,29327,5038,5440,4680,3223,6441,3036,1105,364
621,95407,42026,10875,7609,6965,5236,7423,2620,1020,278
622,95814,11908,769,3750,2547,1135,1810,1106,499,292
623,92590,5154,1147,1155,555,519,1155,354,199,70
624,90230,32687,6718,4790,4586,5000,6263,2839,1561,930
625,92562,64286,16923,9962,7155,8166,12488,5023,2959,1610
626,95827,20666,4574,4018,3008,2078,4144,1430,919,495
627,91945,27236,6882,4470,4230,3169,4925,2312,769,479
628,95834,30076,8106,5593,4995,4245,4606,1626,633,272
629,91505,30902,5640,5104,4941,4982,6000,2485,1315,435
630,95969,23572,4419,2546,2693,2043,5574,3527,1855,915
631,94063,34867,8471,6749,6733,4309,5490,1975,892,248
632,93065,71832,16085,11059,8778,9922,16126,5719,2959,1184
633,95685,4665,934,547,476,342,996,714,413,243
634,95565,762,158,174,78,73,187,76,16,0
635,96101,5262,944,689,631,540,1233,766,371,88
636,91941,31918,6576,4720,4443,4095,6453,3024,1754,853
637,95246,1159,41,102,75,74,457,303,107,0
638,96088,4690,531,496,344,320,1428,845,605,121
639,91325,34575,6420,8073,4091,4889,6391,2446,1458,807
640,95128,36975,7321,6212,7024,4897,7012,2135,1396,978
641,94710,7893,1590,1502,1390,1250,1385,569,178,29
642,95376,55655,15559,9876,8018,7161,9622,3354,1520,545
643,90045,40567,6375,10102,6652,4893,7136,3140,1440,829
644,93004,31525,6683,4904,4268,3599,6503,3355,1458,755
645,95698,148,0,0,21,24,84,9,10,0
646,92065,37505,8109,5799,4628,4792,8463,3514,1430,770
647,92004,2299,257,236,51,246,481,451,464,113
648,91780,35133,7401,4549,4224,5589,7717,3210,1782,661
649,95327,7918,861,1386,1358,1276,1350,1051,357,279
650,96013,4819,1291,754,546,522,767,609,199,131
651,92508,38428,10457,6841,4785,6146,6546,2089,945,619
652,93015,17989,4929,3059,2290,2625,2726,1395,654,311
653,95661,31315,6609,4481,3893,3925,6344,3446,1686,931
654,92040,46306,10213,7195,6189,6264,9362,4041,1949,1093
655,95540,14196,3374,2122,1580,1641,2905,1368,576,630
656,92019,43272,9143,7142,5433,5133,8981,4535,1979,926
657,94609,23726,3438,5632,5379,3781,3401,1251,722,122
658,93445,7106,1674,966,1021,1068,1136,688,397,156
659,95470,5561,1209,565,721,822,1404,574,158,108
660,93614,11982,2518,1164,938,1068,2897,1993,990,414
661,91741,26794,6271,3605,3067,3614,5789,2399,1340,709
662,92831,37359,7395,11876,4579,4193,5675,1825,997,819
663,90039,29510,4735,4305,6167,4591,5570,2208,1328,606
664,95864,23352,4988,2748,2282,2999,5449,2855,1322,709
665,95453,11369,2183,1340,1256,997,2517,1747,978,351
666,90745,56930,12118,9888,7437,7225,11546,4935,2829,952
667,92071,57710,12769,8846,8507,7846,11709,4243,2447,1343
668,95843,47823,14157,7875,6976,5892,8867,2528,1139,389
669,96064,4533,870,570,443,418,1133,761,269,69
670,92587,17237,4203,2530,2188,2008,3756,1509,687,356
671,90814,19685,3102,3909,3610,2645,3938,1483,441,557
672,94303,48244,13316,8160,6562,7401,7601,2936,1512,756
673,91790,45444,9947,8101,5972,6176,8756,3512,2072,908
674,96056,1530,285,105,115,338,340,213,134,0
675,90755,11545,2155,1878,2131,1554,2332,1005,359,131
676,91722,34631,7918,5756,4883,4702,6824,2693,1455,400
677,96094,6611,1346,798,560,936,1430,965,444,132
678,95237,3639,1095,453,506,340,640,383,170,52
679,92117,56983,9901,11268,9388,6385,11528,4363,2648,1502
680,90249,26429,5315,4226,3070,3812,5478,2725,1220,583
681,91387,42034,11609,7030,5848,5341,8134,2469,1311,292
682,93225,4782,776,555,529,467,1479,827,116,33
683,96010,122,0,32,8,1,59,20,2,0
684,93644,9055,1638,1431,859,624,2005,1629,600,269
685,94965,11394,1691,933,1370,1455,3120,1668,963,194
686,90701,16801,3404,2635,3037,1936,3214,1237,939,399
687,95403,45096,9760,7784,6473,5592,8507,3761,1983,1236
688,91202,23345,3573,3434,3605,2790,5166,2656,1397,724
689,95726,8449,1535,1053,830,1323,2127,1017,416,148
690,95932,7633,1950,1195,970,814,1453,750,420,81
691,95023,53423,14144,8732,7838,6655,9780,3781,1739,754
692,91792,29619,5727,5352,4360,4000,5754,2909,1096,421
693,95603,29474,5465,3441,3270,3277,6979,3956,2281,805
694,93960,26966,6189,4344,4712,5064,4951,1004,598,104
695,92082,18705,4161,2679,2143,1978,4294,2068,984,398
696,95335,153,0,0,0,0,113,40,0,0
697,95330,22760,6314,4203,3368,3014,3995,1119,658,89
698,95126,36206,6667,7976,7201,4629,6214,2021,896,602
699,92637,16053,34,24,87,203,2421,4859,5144,3281
700,91311,40839,7318,6073,5448,5121,9456,3934,2362,1127
701,92592,84930,25222,10772,10726,12352,16690,5903,2307,958
702,91724,26717,5819,3859,3497,3818,5805,2339,1150,430
703,91351,32711,7978,5198,4705,4756,6605,2002,1069,398
704,92118,22548,4449,3775,2273,2803,4316,2829,1465,638
705,93544,1164,78,103,84,186,319,243,124,27
706,95437,14859,3083,1514,1658,1780,3271,2314,927,312
707,95667,36487,6282,4179,3557,3670,9537,5879,2331,1052
708,95925,276,32,136,0,0,81,0,27,0
709,90704,3979,1002,416,418,482,1058,438,136,29
710,92253,40929,8020,4982,4111,4375,8865,6104,3582,890
711,92584,54235,15695,9034,7443,6988,8697,3535,2169,674
712,94928,44323,8493,10812,5680,5018,8377,3780,1522,641
713,90068,21092,2293,3273,3871,3710,5088,1944,628,285
714,92881,33531,8081,6392,3101,4897,7703,2038,1061,258
715,95917,3717,912,774,319,460,716,320,157,59
716,96065,403,56,43,33,38,135,64,34,0
717,93426,1568,265,363,121,178,279,219,106,37
718,95324,8380,2277,1455,1041,1050,1309,717,247,284
719,94587,74722,14086,12463,12271,9647,14334,7121,3209,1591
720,92211,25056,2462,1815,1706,1722,4409,6065,4920,1957
721,94595,18117,2110,881,1453,1177,2525,3998,3469,2504
722,93401,28854,4648,7633,3608,3044,5065,2738,1451,667
723,90046,50900,3925,10682,12800,7818,8530,3718,2166,1261
724,93101,31371,5325,8128,4840,3912,5069,2502,1171,424
725,95979,414,29,38,4,40,148,88,48,19
726,95988,8298,2104,938,1228,789,1743,694,625,177
727,91978,10506,2656,1712,1576,1301,1876,869,310,206
728,94132,31436,3712,10819,3870,3252,4859,2561,1444,919
729,91316,30499,6267,3866,4482,4721,5782,3165,1485,731
730,91040,20049,3158,2267,2658,2696,5337,2405,1092,436
731,93561,34979,7944,4162,5321,4253,7270,3738,1816,475
732,90638,49227,9244,9833,5771,6195,9624,4585,2469,1506
733,91345,19145,3995,3578,2441,2612,3618,1386,1153,362
734,95382,38700,9724,6542,4963,5188,6553,3625,1421,684
735,95934,146,0,0,25,25,60,19,8,9
736,96067,7094,1193,804,629,683,1875,1259,485,166
737,95634,3559,686,429,413,259,862,506,345,59
738,95682,30314,5995,3878,3218,3523,6814,3588,2156,1142
739,95666,5164,661,393,458,499,1425,1227,283,218
740,92061,2660,893,349,285,236,518,276,86,17
741,95436,6240,989,601,717,736,1801,929,405,62
742,95758,65811,16348,10059,8913,9338,12965,4890,2425,873
743,92337,39240,10839,8549,5334,5900,6272,1476,762,108
744,96052,1574,166,201,135,253,396,232,169,22
745,91740,25877,5716,3723,3277,3744,5273,2545,1067,532
746,91602,19672,2544,3097,4499,3358,3869,1500,560,245
747,92270,18193,1375,763,1003,1472,4168,4595,3492,1325
748,95242,26409,6279,3114,2998,3320,5558,2874,1644,622
749,91106,25543,4214,6001,4790,3436,3844,1750,1042,466
750,95468,1280,308,95,206,126,271,165,81,28
751,95386,10557,3143,1538,1542,942,2190,759,335,108
752,90503,44605,8930,6217,6434,6192,9381,3677,2401,1373
753,92806,39442,8861,7730,6692,5242,6670,2358,1258,631
754,96020,2369,289,319,186,167,709,468,193,38
755,92867,44655,10528,9736,5173,5365,8732,2581,1835,705
756,93041,24208,5764,5146,4780,2271,3465,1442,1131,209
757,92116,33408,4437,6017,8280,4780,6154,2274,995,471
758,94558,68315,14615,9428,8487,8808,14002,7466,3837,1672
759,94553,49784,10128,6904,6732,6698,11637,4672,2164,849
760,95117,30369,6693,4935,5937,3908,5766,1957,679,494
761,92109,47111,5365,14644,11409,5310,5245,2797,1538,803
762,95060,47801,6999,13480,5331,5647,8938,4855,1798,753
763,95425,10984,2541,1152,1497,1252,2300,1439,616,187
764,93908,12398,2597,1164,1332,1412,3061,1869,612,351
765,91501,20511,3368,3098,3576,2542,4311,2202,975,439
766,95316,7022,1819,1236,581,1066,1258,621,331,110
767,95118,32421,8400,3505,4949,5064,6270,2227,1451,555
768,95404,40497,8172,5382,5654,5896,8671,4350,1658,714
769,92347,702,113,90,73,54,205,85,76,6
770,90305,15042,2390,2021,1938,2134,3748,1387,1002,422
771,94112,84707,14005,13060,11853,12507,18657,8156,4237,2232
772,96031,133,31,0,32,0,29,22,17,2
773,91775,25004,5396,3398,2900,3719,5152,2355,1524,560
774,91107,32503,5853,3887,5356,5100,6287,3359,1764,897
775,95369,1024,243,134,100,151,228,110,41,17
776,95728,231,42,28,18,54,75,14,0,0
777,95219,29270,7632,4043,3882,3821,5366,2683,1459,384
778,93003,51629,11382,7711,6732,6365,10425,4818,2630,1566
779,96035,3629,919,290,514,412,870,352,169,103
780,92344,23349,6592,3394,3421,2847,4580,1822,527,166
781,93433,13535,3038,2276,2266,1164,2534,1289,508,460
782,93312,61628,18393,9226,8884,8262,10897,4090,1325,551
783,95957,879,250,91,115,87,211,83,22,20
784,94014,49170,8237,8598,8066,5587,10327,4497,2688,1170
785,95401,38839,8053,6742,6303,4999,7549,3308,1221,664
786,95131,31236,5652,5848,5587,5087,5426,2316,999,321
787,92653,30012,6266,4174,3822,3767,6811,3082,1308,782
788,91423,33172,5563,5526,6023,4572,6880,2898,1099,611
789,95551,1416,316,235,140,134,359,171,52,9
790,91016,41105,8399,6210,5615,6524,8461,3444,1706,746
791,93066,3220,557,392,393,424,738,490,191,35
792,94546,44378,9396,5149,6637,6011,9861,4284,1899,1141
793,95125,53155,11707,6268,7746,7078,11483,4960,2479,1434
794,91701,39461,8306,6341,4226,5301,9142,3757,1905,483
795,95476,36586,6582,3995,3600,3980,8855,5424,2895,1255
796,95045,4217,947,449,434,487,1004,509,285,102
797,92860,26849,5248,4312,3446,4058,6072,2131,1229,353
798,90504,33410,6513,5206,4257,4953,6983,2841,1653,1004
799,93021,38581,9316,6152,4319,4664,9101,3561,998,470
800,91344,53613,10645,8273,6002,7119,12185,4991,2785,1613
801,95222,5029,638,639,181,549,1378,904,512,228
802,95971,5924,998,954,653,542,1629,582,445,121
803,95466,976,215,92,145,190,137,130,67,0
804,92029,19382,3821,2308,2425,2134,4604,2437,1272,381
805,95451,11603,2341,1321,1652,1005,2710,1664,715,195
806,93925,2073,677,396,295,229,369,68,35,4
807,94545,32724,6226,5488,4789,4584,6733,2703,1518,683
808,95123,68766,15851,9592,11549,9526,13766,5005,2512,965
809,92123,32473,5675,7890,6178,3819,5228,1812,1038,833
810,90041,29090,5112,5349,4344,3806,5706,2844,1112,817
811,94518,28734,5294,4597,3548,3838,6656,2810,1300,691
812,95618,27519,5826,7464,2732,3548,4718,1823,921,487
813,90732,22780,4284,2872,2949,2658,5076,2634,1449,858
814,92539,4557,980,636,404,470,1116,554,272,125
815,94592,952,142,365,95,142,153,20,35,0
816,93402,16562,3116,1785,2040,1845,3558,2557,1167,494
817,95624,65948,16488,9942,8265,8937,13958,4841,2657,860
818,92708,56953,11266,8051,6229,7609,12773,6431,3310,1284
819,95037,51994,13154,6550,6290,7205,11062,4979,1873,881
820,95912,5380,1504,963,757,517,982,457,121,79
821,95987,5950,1821,996,831,767,879,378,159,119
822,93711,38007,6895,5935,4699,4179,7047,5217,2570,1465
823,91001,37818,7457,4964,4271,5605,8682,3665,2241,933
824,95688,37260,8697,5742,4500,4978,7779,3552,1381,631
825,92377,20476,4974,3994,2843,2034,4176,1614,593,248
826,92672,34218,5627,5415,4221,4005,8330,3802,2004,814
827,95949,21036,3570,2030,2094,1991,5482,3568,1709,592
828,94572,10384,2327,1866,1563,1186,2047,764,382,249
829,91384,29212,6345,5870,4397,4105,6080,1553,603,259
830,95747,66931,17084,8508,8454,9913,11122,6265,3794,1791
831,93422,33466,7273,4595,5647,3094,7323,3291,1660,583
832,95252,16262,3219,1749,1590,2072,4360,1897,1113,262
833,90240,26413,6645,3927,3483,4032,4869,2285,711,461
834,92630,59403,11654,9622,7570,8098,12788,5850,2768,1053
835,94080,67600,12458,10295,10712,9394,13832,6202,3069,1638
836,90807,32202,6006,4771,4571,4685,6806,3380,997,986
837,94585,29525,7011,5413,4569,3433,5629,2124,813,533
838,92549,2517,329,280,121,278,837,480,164,28
839,95550,94,0,31,3,30,15,5,10,0
840,95684,3129,392,317,233,252,845,757,328,5
841,91750,34129,7155,4504,3361,3931,8273,3905,2105,895
842,92563,69469,21650,11382,9560,10252,9567,4053,2126,879
843,95757,50727,14414,6860,6786,8916,7894,3640,1519,698
844,90815,41312,7561,9089,5044,5810,7685,3454,1589,1080
845,94542,14699,2330,4070,2146,1551,2656,1199,585,162
846,95628,40855,7725,5474,5240,4131,9539,5258,2316,1172
847,91901,18162,4195,2523,2328,2089,3849,1973,1097,108
848,95306,654,77,109,57,30,215,72,81,13
849,95937,1540,441,235,187,152,242,187,43,53
850,92692,46800,8976,5649,4695,5833,11810,5626,2829,1382
851,92869,36846,7854,5727,4872,5259,7666,3506,1393,569
852,91362,36604,7575,4689,3429,4619,9044,4532,1976,740
853,95542,1871,197,315,147,383,382,346,76,25
854,92119,24831,4984,3186,3022,3246,5379,2515,1802,697
855,95692,5251,1052,832,545,854,1194,468,211,95
856,93514,14175,2814,1636,1444,1803,3308,1819,921,430
857,93265,3379,360,450,512,257,745,745,270,40
858,94577,47682,8962,7004,6701,6637,10824,4183,2189,1182
859,95448,17407,2637,1926,2020,2191,4335,2817,1139,342
860,92108,22280,2537,7094,5467,2495,2816,1345,388,138
861,90502,17778,2823,2373,2934,2076,3693,2121,1238,520
862,95626,6065,1410,935,623,711,1335,696,271,84
863,95212,29426,8280,5080,3729,4113,4749,2538,663,274
864,94931,8926,2126,1387,1350,1322,1447,888,268,138
865,95677,25477,5812,4124,3292,3463,4995,2366,948,477
866,91711,36777,6844,7785,3585,4611,6895,3682,2037,1338
867,96143,3585,746,498,726,599,568,248,162,38
868,94551,47227,11830,6100,7810,7079,9627,3120,1336,325
869,90404,22929,3749,4762,3954,3123,4033,1577,988,743
870,93103,20538,3760,4585,2737,2184,3924,1894,989,465
871,91709,80701,18351,14064,9574,11895,17582,5761,2426,1048
872,90210,19314,3910,1582,1719,2635,4146,2516,1711,1095
873,91006,32958,7326,3743,3550,4969,7350,3731,1634,655
874,95536,2899,658,304,265,337,637,380,201,117
875,95320,12822,3374,1803,1753,1433,2462,1062,699,236
876,90720,22261,5147,2632,2420,2926,5156,2053,1202,725
877,92596,32256,10485,3842,5334,4365,5191,1762,1159,118
878,91007,34116,7135,3852,4187,4928,6752,3402,2506,1354
879,95220,7576,1638,1229,665,1006,1530,951,362,195
880,95831,43094,7851,6848,5210,4850,8789,5241,2806,1499
881,94579,21883,3863,3307,2946,2994,5462,1745,1019,547
882,94571,10605,1083,916,431,602,2796,2980,1302,495
883,94702,16860,2973,2928,2576,2584,2998,1775,652,374
884,93532,2683,520,397,285,263,816,315,71,16
885,96032,2653,663,280,307,291,401,526,142,43
886,90803,32126,3573,5000,5183,4504,7387,3929,1779,771
887,93010,46063,10000,7856,5665,5165,8302,4972,2682,1421
888,90066,59167,9595,10108,11550,8775,10441,4814,2633,1251
889,92663,21951,2801,4738,2918,3010,4616,2046,1065,757
890,93311,45481,12128,7926,6060,6430,7890,2989,1326,732
891,94521,43281,8596,5986,6040,5425,9560,4195,2503,976
892,93430,2847,306,367,334,115,642,626,344,113
893,95461,2567,456,131,439,331,585,383,163,79
894,91360,43121,8492,6973,4280,5251,9441,4121,2908,1655
895,95620,21954,5600,3836,3116,2425,3953,1617,1080,327
896,95449,1560,322,231,236,79,484,169,36,3
897,94107,31461,3541,6547,8453,4519,5057,1537,1063,744
898,90717,21508,4540,3035,3226,2581,4426,2185,1018,497
899,95472,30736,4316,3893,3207,3202,7938,5449,2036,695
900,93023,19895,2939,2455,2194,2426,4658,2946,1631,646
901,92328,438,18,81,104,121,100,6,3,5
902,92883,35933,10025,4494,4499,5436,6768,2850,1545,316
903,95640,11598,1546,1895,1582,1681,2861,1430,445,158
904,93444,21331,4230,2967,2407,2435,4449,3183,1441,219
905,93035,29354,5597,4644,3839,3819,6592,2905,1605,353
906,94803,25893,4604,3739,3131,3500,6134,3240,934,611
907,94580,30488,6638,4840,4906,3947,6224,2430,949,554
908,95366,17909,4619,2657,1735,2331,3689,1740,662,476
909,93063,56458,11501,8601,6892,7986,12317,5435,2462,1264
910,96047,849,79,132,87,28,277,191,45,10
911,95469,1911,441,184,225,242,360,388,37,34
912,94025,43392,10986,5485,6048,6391,8298,3229,1999,956
913,90630,49205,11208,6960,5316,7691,10576,3846,2809,799
914,92382,4462,1238,361,646,609,705,586,257,60
915,95616,52212,5265,29250,4248,3056,5035,2842,1723,793
916,94015,65041,9876,12478,10335,7971,13312,6191,3218,1660
917,92649,35278,6234,4960,4568,4085,8648,4056,2052,675
918,96073,3980,795,290,319,340,1070,684,392,90
919,90506,0,0,0,0,0,0,0,0,0
920,93465,9202,2230,820,858,1157,2254,1180,431,272
921,92352,5578,1118,653,704,585,1148,1038,311,21
922,95526,196,10,15,10,5,103,40,13,0
923,95519,19763,4524,3583,2676,2391,3482,1937,920,250
924,93022,7179,1464,1078,861,1082,1428,850,283,133
925,91791,33397,7093,5076,4729,4009,6651,3118,1894,827
926,93013,16652,3150,2301,1914,1919,3782,2152,998,436
927,96016,424,74,18,19,62,107,91,26,27
928,95230,840,316,97,87,161,81,52,35,11
929,95304,14282,3068,2642,1911,2027,2978,932,545,179
930,91773,34007,7133,4872,4538,3732,7233,4010,1785,704
931,92886,50784,12080,6223,5042,6956,11331,5438,2542,1172
932,95946,8977,1214,781,758,726,2237,1719,1252,290
933,95346,1251,152,109,22,145,505,258,21,39
934,93510,7644,1383,1094,620,937,2415,871,282,42
935,93653,1377,268,86,116,252,415,152,58,30
936,93940,32236,4952,6713,4527,3295,6467,3342,2008,932
937,95311,1893,190,210,137,71,480,475,314,16
938,94610,31936,4512,4911,6964,5269,5317,3327,1109,527
939,92129,54762,13602,7293,6957,8765,11865,4365,1308,607
940,95959,18343,2679,2076,1760,1759,4935,3597,1104,433
941,92036,2593,356,199,250,275,800,511,158,44
942,91403,25156,3821,3740,5305,4175,4343,1961,1135,676
943,90232,14780,2357,2418,2478,2634,2749,987,491,666
944,94574,8757,1371,1074,963,852,2062,1425,753,257
945,90623,15662,2827,2700,1444,2364,3509,1571,987,260
946,95035,79655,17171,12667,14752,10710,14578,5458,3214,1105
947,92688,44832,11525,6164,6635,7073,9404,2502,903,626
948,90048,21489,1995,4423,5197,3157,3186,1742,957,832
949,95659,932,184,153,162,85,202,93,19,34
950,90035,27272,5931,4165,5143,3519,4604,2000,1115,795
951,95432,706,81,17,100,47,189,184,78,10
952,93619,39473,10980,5073,4803,5436,7448,3726,1594,413
953,92359,9170,2135,1487,1600,1002,1737,758,372,79
954,95062,36737,5970,7363,4983,4716,7523,3573,1786,823
955,91708,4009,766,746,1113,570,632,174,8,0
956,91506,18591,3342,2567,2589,2636,4485,1524,959,489
957,92128,51357,10233,5999,6681,6476,11008,6006,3108,1846
958,95655,4156,1048,520,803,636,709,270,153,17
959,95694,10495,2725,1569,1470,1053,2460,819,268,131
960,92106,20155,3968,3829,2566,2709,3356,2184,1231,312
961,91364,27971,5705,3213,3743,3885,6128,2942,1473,882
962,92648,46228,8051,6707,6250,6825,10405,5125,2024,841
963,91789,44440,8294,7151,4617,5438,10290,5203,2607,840
964,95570,2338,412,240,296,299,532,387,112,60
965,93923,12837,2216,564,587,1517,2491,2489,1689,1284
966,91913,54114,15236,9079,8471,8412,8086,3186,1203,441
967,95629,940,132,24,106,72,383,135,32,56
968,95148,48273,10511,7796,5625,7019,10807,4035,1867,613
969,92618,48997,11992,7758,11342,7718,6539,2376,1009,263
970,95525,1401,135,233,234,91,411,204,56,37
971,90603,21584,4879,3329,2808,2651,4388,1970,1060,499
972,95050,38699,7580,8531,6980,4834,6109,2595,1287,783
973,92037,38168,6817,5702,4634,3935,7909,4820,3049,1302
974,92782,23084,5936,3100,3181,4099,4435,1492,619,222
975,92651,24800,4059,2393,1844,3127,6900,3609,2106,762
976,95630,78159,18915,9324,9972,14010,16072,5829,3025,1012
977,94110,72380,10873,12086,17269,12352,12147,4454,2187,1012
978,94401,36001,7713,5955,6978,4988,5379,2482,1389,1117
979,92126,82658,15292,18785,14363,9754,14823,6249,2571,821
980,92677,66314,12907,8710,7673,8606,16645,7304,3260,1209
981,90036,37965,6122,8181,8729,6069,5377,1877,1030,580
982,91301,26334,5757,3198,3058,3697,6302,2777,995,550
983,94560,47171,10015,7789,7442,6756,9131,3216,2034,788
984,95693,7037,1447,609,672,965,1792,1016,421,115
985,90712,31217,6830,4486,4550,5000,6161,2537,1083,570
986,93428,5859,584,385,392,540,1539,1479,662,278
987,91367,45970,8231,6823,7777,5858,9879,3980,2387,1035
988,93314,28963,7942,3955,4021,3893,5942,2246,713,251
989,90071,126,0,42,11,61,5,0,5,2
990,92251,23970,6456,5239,3813,3419,3130,1125,666,122
991,91902,18896,3457,2858,2857,2212,3678,2244,1052,538
992,93110,16849,3031,2868,1597,1739,3556,2229,1148,681
993,93271,2479,363,142,236,179,859,449,202,49
994,92821,37712,8068,6208,4664,5397,7939,3353,1551,532
995,93453,2578,379,265,250,172,997,277,189,49
996,91207,11031,2076,1860,866,1760,2492,903,640,434
997,91355,30526,6569,4947,3583,4504,6194,2635,1606,488
998,92024,51381,10527,5770,6930,7482,10974,5680,2788,1230
999,94513,64313,16787,8380,6619,9425,13172,5374,3126,1430
1000,95816,17199,1510,4506,4415,1626,2694,1504,523,421
1001,95650,14808,3241,1354,1494,2080,3319,2144,939,237
1002,91208,15860,3291,2096,1616,2418,3807,1486,932,214
1003,94703,21697,3711,5033,4206,2685,3245,1985,693,139
1004,93730,12770,3349,1153,1704,1726,2717,1187,425,509
1005,92358,722,64,52,72,30,335,116,45,8
1006,94538,67474,13219,11691,13140,9639,12601,3463,2457,1264
1007,93442,10917,1507,1632,964,1252,2189,2045,934,394
1008,90211,8019,1489,1289,1122,1124,1644,684,445,222
1009,95713,10472,1816,1393,1110,1361,2704,1313,633,142
1010,92532,25923,8443,3840,4686,3428,3806,955,716,49
1011,92325,7948,1496,1531,766,995,1972,869,269,50
1012,95765,39214,10861,5737,4653,6406,7067,2563,1319,608
1013,92629,26877,4490,2462,2537,4232,6781,3825,1845,705
1014,95690,2215,539,420,275,187,375,345,74,0
1015,92122,48071,5699,17628,8959,4307,5324,3041,1830,1283
1016,90703,50589,9427,6697,5308,6627,10828,6664,3596,1442
1017,91390,19168,4544,2672,2052,2437,5079,1492,637,255
1018,92835,23528,4596,3182,2335,3035,5436,2113,1606,1225
1019,94611,38975,6893,4071,5993,5595,8542,4391,2292,1198
1020,95835,40170,10222,4782,6582,6790,6696,3167,1617,314
1021,94952,35503,7074,4553,4322,4753,8279,4262,1576,684
1022,94954,38763,8309,5653,5186,4775,7971,4187,1777,905
1023,90064,25925,5043,3848,3924,3973,4768,2573,1279,517
1024,95409,27186,4581,2583,2456,2821,5668,4467,3074,1536
1025,92121,4729,773,1447,809,684,636,320,35,25
1026,93420,30740,6368,3611,3289,3379,6862,4208,1983,1040
1027,90505,37220,8564,4458,4764,4857,8138,3255,1843,1341
1028,94085,23223,4367,5637,5516,3051,3080,1123,308,141
1029,95492,29271,6976,4034,3340,4565,5903,2501,1339,613
1030,94061,39023,8310,6509,6691,5533,6900,2751,1250,1079
1031,90025,46883,5505,12086,11377,6231,5803,2982,1828,1071
1032,93526,629,86,116,71,70,129,73,46,38
1033,94503,20276,5197,3328,2250,3145,3884,1374,872,226
1034,94530,26145,4652,3254,4346,3499,5227,2823,1586,758
1035,95228,4541,822,537,480,434,1095,757,252,164
1036,95017,681,120,79,46,108,172,93,36,27
1037,96103,1401,151,71,102,50,355,502,147,23
1038,95236,4199,929,590,439,644,849,482,181,85
1039,96114,3267,638,316,443,274,802,462,240,92
1040,92661,3445,301,832,389,209,779,543,281,111
1041,92807,35687,6672,5015,3607,5547,7473,4231,2183,959
1042,94505,16382,3752,2143,1887,2237,3793,1808,643,119
1043,93012,36052,6312,6915,3140,4063,7721,3977,2495,1429
1044,95073,11013,2061,1690,1224,1395,2518,1645,386,94
1045,94402,25703,5879,2907,3665,3728,5030,2107,1593,794
1046,90713,28202,6055,4563,3878,3689,6120,2262,1037,598
1047,96161,18488,4298,1684,2990,3002,3913,2180,345,76
1048,90405,28156,4250,4167,5558,3788,5886,2563,1330,614
1049,95701,915,125,54,72,80,300,167,77,40
1050,95975,1877,325,196,140,117,630,276,167,26
1051,95427,226,18,17,9,0,86,46,50,0
1052,94805,14188,2531,2034,2379,1899,3112,1356,637,240
1053,94531,43022,10363,7364,4628,6236,9036,3331,1390,674
1054,92865,20664,4628,3479,3603,2718,3841,1307,683,405
1055,94043,31161,5953,6047,6416,4303,4998,1805,1158,481
1056,92120,30550,5529,5783,4316,3914,5559,2941,1861,647
1057,92604,28990,6404,4775,3384,3911,5772,2705,1380,659
1058,91307,26341,5695,3167,2655,4131,6211,2324,1430,728
1059,92624,6372,709,680,446,696,2311,865,436,229
1060,91350,36173,9508,5032,4460,5646,7222,2756,1173,376
1061,94945,19043,3497,2030,2106,2558,4989,2650,923,290
1062,95132,41790,8088,6772,5627,5737,9247,3689,1918,712
1063,92397,4562,1137,522,535,524,841,643,276,84
1064,91784,26090,5063,3305,2592,3443,6522,2842,1709,614
1065,91916,1939,412,224,215,110,533,310,106,29
1066,95465,2244,336,144,284,337,472,531,130,10
1067,95005,7661,1429,1411,909,961,1752,849,322,28
1068,91765,46593,9236,6637,5849,6124,10861,5179,2103,604
1069,92656,52268,12634,7492,7664,8691,10974,2809,1344,660
1070,95138,20674,4945,2528,2754,3514,4865,1277,625,166
1071,94089,22882,3716,4343,4926,2387,4324,1982,871,333
1072,93105,28545,4945,3685,3336,3844,5731,3458,2017,1529
1073,95002,2348,572,518,299,293,409,153,80,24
1074,95051,59851,12411,9995,12493,8275,9294,4128,2134,1121
1075,95043,731,117,107,71,73,240,94,21,8
1076,95134,29349,4364,9349,9137,2641,2944,462,397,55
1077,93950,15547,2913,1392,1719,1929,3333,2560,1032,669
1078,94066,43101,7997,6874,7292,5883,8644,4037,1724,650
1079,95642,7101,1114,754,777,617,1562,998,888,391
1080,95421,1808,226,169,144,195,500,420,131,23
1081,93664,380,24,24,3,33,142,100,35,19
1082,95703,831,37,154,69,86,178,234,53,20
1083,91737,25154,6003,3634,2786,3632,5617,2267,872,343
1084,95136,47476,11139,7740,7283,7219,8238,3597,1792,468
1085,95010,8856,1712,1037,1340,963,1647,1282,481,394
1086,92646,55870,10541,6901,6048,7558,12981,6589,3811,1441
1087,94510,28350,5652,3133,2771,3965,7177,3565,1472,615
1088,92617,17197,1260,12547,1499,579,893,278,97,44
1089,95665,4303,686,356,425,591,970,893,264,118
1090,92845,16273,3619,2062,1801,2062,3742,1497,1035,455
1091,91354,32544,9494,3698,4378,5111,6663,1887,917,396
1092,91105,12617,2089,1372,1444,1628,2762,1818,962,542
1093,94519,20041,4313,2926,3296,2228,4203,1821,936,318
1094,95664,1603,292,242,336,63,384,155,67,64
1095,94947,25867,4846,3386,2221,2960,6699,3249,1746,760
1096,94515,7491,1307,924,985,966,1570,818,638,283
1097,91739,39875,10277,6268,6214,5770,7194,3247,717,188
1098,92064,49805,11796,6576,5798,6298,10932,4870,2621,914
1099,91214,30787,7067,3815,2954,4885,7071,2728,1577,690
1100,94550,50374,11470,5299,6567,6852,11595,4656,2639,1296
1101,93111,17329,3174,3130,1373,2197,3726,1915,1182,632
1102,95631,6851,1321,703,791,367,2165,909,399,196
1103,92887,20012,4308,2602,1875,2344,5336,2441,835,271
1104,95938,4446,1176,424,743,602,899,335,190,77
1105,90291,26950,3552,4544,6113,4393,4778,2463,766,341
1106,94564,19260,3315,2689,2986,2059,4380,2266,1034,531
1107,95130,14660,3689,1530,2432,2355,2920,1022,466,246
1108,94536,74837,17339,10072,13540,10349,13423,5310,3194,1610
1109,94903,30427,5927,3417,3047,4264,6556,3411,2397,1408
1110,90401,7111,397,1910,1522,957,992,504,368,461
1111,95441,1797,290,333,206,189,426,207,98,48
1112,93461,1349,290,188,196,213,341,78,26,17
1113,95638,2126,402,276,112,289,562,251,123,111
1114,94040,36526,8143,6472,6978,5420,5556,1980,1106,871
1115,94613,855,34,807,10,0,3,1,0,0
1116,92010,16346,3873,1938,2089,2588,3092,1539,875,352
1117,95377,32091,8717,5165,4531,5166,5705,1814,690,303
1118,95658,6837,1355,698,597,880,1641,1075,450,141
1119,94070,31074,7688,2827,4047,4659,6903,2695,1407,848
1120,92660,35446,7420,3898,4132,4254,7826,4292,2307,1317
1121,91030,25637,6299,2804,3667,4693,4600,2125,929,520
1122,92103,34700,3607,6426,7219,4806,5909,3779,1992,962
1123,95942,934,21,0,172,41,414,241,45,0
1124,92691,50839,10138,6809,6075,7291,10781,5354,3030,1361
1125,92606,26171,6251,5055,4792,3623,4296,1197,647,310
1126,94121,43616,6439,6890,6898,5756,9329,4524,2228,1552
1127,92614,27187,5691,5434,4681,3805,4927,1765,627,257
1128,95006,9632,1609,1134,1438,1062,2759,1254,303,73
1129,95524,1668,197,139,197,177,466,289,149,54
1130,92003,5160,1139,652,571,631,1118,660,253,136
1131,91361,20258,3654,1958,1997,2394,5119,2825,1520,791
1132,95830,734,72,87,7,108,248,99,62,51
1133,95623,3665,453,504,445,297,1128,611,182,45
1134,91371,0,0,0,0,0,0,0,0,0
1135,95046,5918,1237,702,727,809,1463,659,201,120
1136,94709,11951,1052,5194,1923,792,1466,1016,320,188
1137,95135,22015,5042,1852,1626,3682,4495,2557,1958,803
1138,91604,32910,5695,5179,5424,5548,6053,2696,1492,823
1139,95405,21082,3732,3030,2570,2172,4935,2821,1217,605
1140,95003,25185,4419,2991,2301,2858,6627,3904,1531,554
1141,94122,62128,8784,11138,12324,7990,11681,6150,2386,1675
1142,90069,20230,1088,3524,4674,2988,4596,1950,1070,340
1143,90056,7649,1394,911,583,1041,1806,808,601,505
1144,91915,33485,10239,5055,5597,5645,4480,1707,692,70
1145,94305,16397,1033,12537,1001,522,605,340,194,165
1146,95129,39741,9263,4919,4955,7215,7881,2672,2001,835
1147,90747,0,0,0,0,0,0,0,0,0
1148,95709,5498,1131,479,403,802,1303,972,300,108
1149,94116,47346,7603,7022,6570,6465,9664,5528,2784,1710
1150,95119,10027,2430,1326,1221,1328,2232,979,385,126
1151,94547,25616,5001,3677,3574,3255,6229,2696,943,241
1152,94114,34918,3950,5211,8755,5590,6707,2892,1202,611
1153,95008,46352,9706,6617,7506,6857,9568,3197,1894,1007
1154,91020,8633,1663,1291,1188,1289,1788,937,280,197
1155,93109,10771,1246,2612,939,1050,2254,1455,634,581
1156,90808,39330,8392,4772,4975,5886,9015,3869,1611,810
1157,91320,44968,11123,5370,4933,6662,9731,4307,2091,751
1158,92620,52569,13868,5608,7118,10574,9778,3505,1701,417
1159,94086,50477,10035,10485,11733,5997,7015,2630,1570,1012
1160,90067,2428,191,200,187,177,421,435,477,340
1161,90403,23902,3239,3152,5198,3159,4460,2662,1260,772
1162,93449,8180,785,947,960,601,2121,1739,750,277
1163,94060,926,149,106,56,185,351,76,0,3
1164,92315,5247,1051,748,523,675,1147,611,349,143
1165,91302,26712,6285,3268,2498,3518,6267,3104,1318,454
1166,95722,5123,834,425,447,546,1532,933,311,95
1167,94599,3108,226,207,168,271,696,630,506,404
1168,95054,24524,5156,5207,5046,4033,2809,1208,874,191
1169,94705,13527,1772,2466,2025,1535,2835,1693,928,273
1170,94030,22625,4325,2964,2688,3266,5063,2039,1304,976
1171,93953,4028,506,487,259,343,782,831,579,241
1172,92075,12752,2277,1357,1972,1720,2568,1679,888,291
1173,94568,55608,14469,6436,10545,9554,9529,3198,1437,440
1174,95442,3213,644,271,321,472,750,481,98,176
1175,90292,23549,2425,4147,5376,2792,5237,2177,1045,350
1176,91381,19390,5116,2440,1881,3682,4420,1195,458,198
1177,92127,49935,15916,5017,6764,9538,7632,2553,1840,675
1178,95018,6841,1187,876,840,986,1636,960,325,31
1179,92009,46612,11855,4331,4790,7504,10473,4384,1971,1304
1180,94566,45893,10780,5017,4313,7383,11272,3869,2200,1059
1181,94087,56668,14071,5969,9320,9403,9779,3919,2838,1369
1182,93517,641,84,22,28,4,249,220,34,0
1183,94956,1146,124,59,79,170,308,217,133,56
1184,93546,9591,2145,1821,1939,1017,1992,469,208,0
1185,91436,15292,3320,1423,1657,2026,3475,1803,1026,562
1186,94005,4697,844,376,771,663,1227,529,172,115
1187,90245,16731,4044,2369,2437,2464,3660,1142,445,170
1188,90094,9827,2165,1095,2814,1800,1144,385,329,95
1189,94951,4574,860,464,403,456,1309,765,205,112
1190,94508,3935,478,1476,434,448,659,284,118,38
1191,95124,51455,13158,5313,7784,8095,10326,3829,2057,893
1192,93463,7911,1446,984,778,962,1874,1014,491,362
1193,90278,40252,9529,3914,6876,6623,8442,2960,1419,489
1194,95065,8491,1787,948,1064,1330,1620,1012,496,234
1195,92808,20483,4430,2704,2465,2940,5334,1634,836,140
1196,91326,36339,7230,3925,3531,5528,8437,4515,2331,842
1197,90265,17954,2958,2151,1353,2392,4840,2451,1285,524
1198,91024,10932,1992,939,1120,1622,2756,1290,903,310
1199,91108,13375,3010,1171,983,2107,3303,1683,813,305
1200,92067,7724,1326,928,435,699,2170,1444,505,217
1201,92673,30768,8280,2858,3054,4519,7167,2890,1452,548
1202,92130,56134,15893,5859,7016,10587,11995,3177,1420,187
1203,94597,23108,4275,3504,4274,3159,4075,2678,879,264
1204,94555,38478,10083,4185,6928,6178,6422,3102,1204,376
1205,94041,14572,2423,3005,3625,1699,2290,792,502,236
1206,92210,5138,264,310,144,195,1273,1318,1284,350
1207,95672,5266,947,447,545,743,1438,775,255,116
1208,94523,35005,6665,5423,4956,4898,7423,3436,1367,837
1209,95762,43052,11207,4057,4109,6260,10200,4564,1978,677
1210,90293,12728,1342,2394,3034,1782,2095,1332,516,233
1211,95746,23934,5850,2299,1866,3389,6356,2333,1425,416
1212,95742,12472,3786,1457,2529,1608,2150,672,218,52
1213,91914,17379,5140,2344,2211,2990,3077,932,547,138
1214,95014,61866,15831,6108,7222,12308,11478,4262,2975,1682
1215,90212,13314,2716,1547,2243,1801,2617,1202,772,416
1216,92861,5822,1063,474,375,699,1585,685,664,277
1217,90277,34827,6584,3660,5499,5331,7952,3370,1551,880
1218,95032,26047,6138,2244,2669,3955,6270,2273,1594,904
1219,94596,21700,3583,3807,3737,2410,4339,2011,1291,522
1220,94949,18695,3596,2568,1776,2384,4868,2187,924,392
1221,95389,1417,65,393,248,169,388,134,20,0
1222,94582,42576,13152,3765,4735,10039,7465,2049,1142,229
1223,95663,2493,573,228,171,376,593,344,160,48
1224,95139,7363,1740,905,1080,1154,1459,668,207,150
1225,90049,36418,6609,5557,5572,5063,6245,4182,1894,1296
1226,92011,24144,5766,2265,2698,3478,5320,2642,1501,474
1227,93108,10401,1855,1568,612,774,2258,1714,1043,577
1228,94002,27155,6239,2536,4558,4046,5228,2577,1265,706
1229,92676,2068,360,161,201,177,790,260,107,12
1230,90290,5681,1009,609,692,1022,1298,724,317,10
1231,95120,38122,9430,3184,3219,5946,8894,4396,2424,629
1232,94044,38984,7476,5666,5142,5197,8849,4283,1780,591
1233,94403,44408,9085,6855,7434,6510,7827,3383,2131,1183
1234,94131,29523,4688,3864,5464,4797,5892,2854,1222,742
1235,90402,11882,2781,1001,1034,1394,2680,1945,670,377
1236,93441,922,155,85,69,167,230,90,90,36
1237,94118,42095,5917,8509,8626,5396,6919,3661,2002,1065
1238,94019,20512,3830,2664,1892,3055,5028,2591,1163,289
1239,90275,42146,8863,3558,3211,5453,10301,5021,3683,2056
1240,94062,28423,5939,3069,3508,3892,6683,3190,1475,667
1241,95724,22,5,12,0,0,5,0,0,0
1242,94010,42760,10263,4265,5449,6945,8670,3739,2365,1064
1243,92823,4872,1477,473,749,816,823,247,147,140
1244,90077,8382,1849,706,729,1214,1675,1323,661,225
1245,92131,34727,9511,3703,4147,5722,7197,2907,1207,333
1246,90274,25061,5420,1798,1556,3024,6625,3213,2220,1205
1247,92602,23238,7257,2241,3015,4642,4308,1130,510,135
1248,95683,6326,1172,450,521,1014,1305,1144,496,224
1249,92007,11417,2255,915,1578,1832,2349,1751,430,307
1250,94539,54982,13290,5584,6237,10053,11933,4469,2531,885
1251,94941,32009,7169,2352,2658,5545,7570,3852,1981,882
1252,94158,8455,1127,1396,3133,1323,823,440,105,108
1253,94123,25890,2645,6471,7415,2958,3097,1685,1018,601
1254,92625,12394,1970,826,1081,1281,3310,2155,1229,542
1255,94306,27435,6283,3723,3206,4042,5120,2606,1673,782
1257,94706,21218,5505,2852,3279,3648,3350,1773,611,200
1258,92662,2519,282,236,193,76,693,574,287,178
1259,94930,8728,1526,963,731,1384,2067,1356,512,189
1260,94117,44650,4566,12103,11696,6755,5526,2275,1360,369
1261,94038,3450,990,242,394,437,877,441,63,6
1262,95819,19890,3759,4140,3034,2263,3627,2095,551,421
1263,94904,12994,2942,1057,999,1967,2930,1555,1022,522
1264,94588,37253,9557,3643,5025,6285,7596,2859,1764,524
1265,95066,15341,2879,2501,1580,1942,3691,1602,778,368
1266,94552,14938,3249,1318,1684,2049,3923,1642,782,291
1267,94517,13687,3048,1581,1259,1870,3545,1325,811,248
1268,90272,21629,5142,1567,1485,3607,4679,2682,1587,880
1269,90254,19539,3490,2825,3638,3260,3912,1532,685,197
1270,95033,9511,1799,908,1010,1461,2615,1162,455,101
1271,94404,36985,7800,4259,6036,5536,6857,3721,1989,787
1272,92603,19558,4836,2263,2566,2366,4501,1947,723,356
1273,94583,35231,9077,3625,4424,5873,7564,2811,1284,573
1274,94970,698,19,40,31,48,231,244,77,8
1275,91377,13853,3465,1140,1437,2277,3408,1568,310,248
1276,94598,27831,6063,2756,3095,3794,5781,3403,1906,1033
1277,94925,9838,2501,630,880,1519,2406,1097,486,319
1278,94301,16582,3359,1773,2231,2075,3413,1794,1252,685
1279,94526,33135,7725,3004,2459,5047,8122,3759,2010,1009
1280,90266,35500,9486,2451,3875,5587,8091,3260,2053,697
1281,95070,31196,6432,2472,2026,4546,8552,3478,2457,1233
1282,92679,32657,7849,4025,2701,5147,9191,2723,815,206
1283,94963,404,126,0,70,40,42,126,0,0
1284,92610,16360,4356,2102,2939,2654,3126,919,163,101
1285,92694,29570,10950,2550,4450,5920,3973,1257,359,111
1286,94549,29795,7336,2846,2478,4109,7308,3503,1608,607
1287,92014,13568,2402,1046,1625,1931,3218,2017,1033,296
1288,94105,10916,1034,2402,3543,2013,1185,686,0,53
1289,91011,20301,5282,2104,1513,2688,4942,2284,928,560
1290,94960,15868,3578,1483,1229,2386,4060,1950,992,190
1291,92657,9802,2012,827,968,1274,2700,1352,565,104
1292,94618,17252,3278,1990,2843,2592,3331,1975,791,452
1293,94502,14701,3422,1388,1992,1973,3371,1511,811,233
1294,94065,12461,2812,1407,1608,2045,2906,1180,388,115
1295,94920,12740,2707,775,815,1833,3143,1885,1261,321
1296,94556,16428,3786,2135,1248,2473,3065,1867,1256,598
1297,94563,19644,4558,1401,1367,3032,4848,2487,1212,739
1298,94506,25240,6978,2106,1595,4505,6131,2314,1050,561
1299,94304,3852,721,455,844,470,390,267,325,380
1300,94022,19406,4600,1349,1694,2900,4159,2426,1607,671
1301,94024,23675,6205,1811,1628,3742,5683,2409,1626,571
1302,94127,21151,4201,2393,2615,3318,4251,2274,1471,628
1303,95030,13481,2971,1041,883,1839,3617,1791,926,413
1304,94939,6747,1162,672,703,996,1652,1131,293,138
1305,94027,7415,1663,966,442,1034,1648,987,302,373
1306,94507,15105,3444,1265,659,2193,3919,1987,1319,319
1307,94708,11394,2068,990,1081,1469,2626,1955,822,383
1308,94028,7125,1667,429,391,992,1716,798,716,416
1309,94707,11767,2074,971,901,1531,2688,2025,1159,418
1310,94129,4136,875,1189,884,519,523,111,14,21
